{"3.3219280948873626": 10, "6.643856189774725": 11430, "9.965784284662089": 695520, "13.28771237954945": 8573040, "16.609640474436812": 31752000, "19.931568569324178": 40219200, "23.25349666421154": 16934400, "26.5754247590989": 1814400}