{"3.3219280948873626": 10, "6.643856189774725": 45990, "9.965784284662089": 6717600, "13.28771237954945": 171889200, "16.609640474436812": 1285956000, "19.931568569324178": 3451442400, "23.25349666421154": 3556224000, "26.5754247590989": 1360800000, "29.897352853986263": 163296000, "33.219280948873624": 3628800}