{"3.3219280948873626": 10, "6.643856189774725": 22950, "9.965784284662089": 2178000, "13.28771237954945": 39160800, "16.609640474436812": 210198240, "19.931568569324178": 400075200, "23.25349666421154": 279417600, "26.5754247590989": 65318400, "29.897352853986263": 3628800}