{"3.3219280948873626": 10, "6.643856189774725": 2790, "9.965784284662089": 64800, "13.28771237954945": 327600, "16.609640474436812": 453600, "19.931568569324178": 151200}