{"3.3219280948873626": 10, "6.643856189774725": 5670, "9.965784284662089": 216720, "13.28771237954945": 1764000, "16.609640474436812": 4233600, "19.931568569324178": 3175200, "23.25349666421154": 604800}